Screaming Circuits SMD component position file.
Created by Centroid_ScreamingCircuits_smd.ulp 1.2.0.

Centroid Data for pc board: "MiniStat-Button.brd" as of: 7/29/19 10:52 AM
Measurements are in inches. Comma delimited
Only surface mount components included

RefDes,Layer,LocationX,LocationY,Rotation
ARDUINO,Top,0.497,0.431,270
C1,Top,0.528,0.655,0
C2,Top,0.698,0.461,0
C3,Top,0.606,0.647,0
C4,Top,0.648,0.617,270
C5,Top,0.675,0.414,270
C6,Top,0.268,0.345,0
C7,Top,0.333,0.555,270
C8,Top,0.325,0.470,90
C9,Top,0.098,0.138,270
C10,Top,0.059,0.347,90
DEBUG1,Bottom,0.489,0.430,0
L1,Top,0.449,0.662,0
LDO,Top,0.098,0.234,0
LMP,Top,0.297,0.390,90
PWR,Top,0.194,0.167,270
R1,Top,0.611,0.203,45
R2,Top,0.309,0.575,270
R3,Top,0.235,0.301,0
R4,Top,0.188,0.323,180
R5,Top,0.168,0.178,90
R6,Top,0.690,0.339,270
R7,Top,0.660,0.341,270
RESET,Top,0.668,0.165,45
RX,Top,0.712,0.306,0
TX,Top,0.712,0.278,0
USB,Top,0.400,0.106,0
XTAL,Top,0.606,0.608,0
